code,year,value,country
BRA,1970,3595.95086280878,Brazil
BRA,1971,3907.01225977893,Brazil
BRA,1972,4268.38384697753,Brazil
BRA,1973,4748.26246385619,Brazil
BRA,1974,5013.81724730208,Brazil
BRA,1975,5148.9106187339,Brazil
BRA,1976,5543.43637942576,Brazil
BRA,1977,5679.78590996985,Brazil
BRA,1978,5821.49131249962,Brazil
BRA,1979,6069.05474310333,Brazil
BRA,1980,6472.85214591952,Brazil
BRA,1981,6055.09781428103,Brazil
BRA,1982,5967.77899586532,Brazil
BRA,1983,5664.96368501244,Brazil
BRA,1984,5841.74986464143,Brazil
BRA,1985,6167.51343658643,Brazil
BRA,1986,6494.28087914562,Brazil
BRA,1987,6591.60882870649,Brazil
BRA,1988,6463.00545238554,Brazil
BRA,1989,6545.42575572846,Brazil
BRA,1990,6149.86788926381,Brazil
BRA,1991,6107.64883675747,Brazil
BRA,1992,5973.98285622586,Brazil
BRA,1993,6167.46092178931,Brazil
BRA,1994,6427.16901943704,Brazil
BRA,1995,6596.33572674819,Brazil
BRA,1996,6640.7270065575,Brazil
BRA,1997,6764.85842091319,Brazil
BRA,1998,6687.49523550242,Brazil
BRA,1999,6621.63676249539,Brazil
BRA,2000,6817.784240857,Brazil
BRA,2001,6823.03396999891,Brazil
BRA,2002,6944.62337495755,Brazil
BRA,2003,6941.4404574508,Brazil
BRA,2004,7258.78185165912,Brazil
BRA,2005,7409.56913232718,Brazil
BRA,2006,7622.04007133264,Brazil
BRA,2007,8003.25413096047,Brazil
BRA,2008,8330.76459841304,Brazil
BRA,2009,8246.09706995094,Brazil
BRA,2010,8792.63436120342,Brazil
BRA,2011,9067.99316348047,Brazil
BRA,2012,9167.49923929815,Brazil
BRA,2013,9366.73932434359,Brazil
BRA,2014,9338.34278278114,Brazil
BRA,2015,8936.19661712113,Brazil
BRA,2016,8577.84376650911,Brazil
BRA,2017,8628.25308908043,Brazil
BRA,2018,8722.33630317935,Brazil
BRA,2019,8771.44051292177,Brazil
BRA,2020,8435.01143254978,Brazil
BRA,2021,8799.22945810901,Brazil
BRA,2022,9032.08481566299,Brazil
BRA,2023,9288.02701470069,Brazil
BRA,2024,9566.74518687619,Brazil
CHN,1970,287.353854283243,China
CHN,1971,299.305407404138,China
CHN,1972,303.166764336598,China
CHN,1973,319.317346193733,China
CHN,1974,320.013476105269,China
CHN,1975,341.827004315989,China
CHN,1976,331.294213681681,China
CHN,1977,351.549547458872,China
CHN,1978,386.167053595622,China
CHN,1979,409.99006489222,China
CHN,1980,436.628325064633,China
CHN,1981,453.119684821175,China
CHN,1982,486.788897534069,China
CHN,1983,531.489502016356,China
CHN,1984,604.253640849507,China
CHN,1985,676.125961043923,China
CHN,1986,725.721895334567,China
CHN,1987,797.416224331495,China
CHN,1988,872.728317988186,China
CHN,1989,895.614384005007,China
CHN,1990,917.187887177205,China
CHN,1991,989.585278674846,China
CHN,1992,1117.29533882968,China
CHN,1993,1258.34142676619,China
CHN,1994,1406.97393365064,China
CHN,1995,1545.07897848105,China
CHN,1996,1681.45741269443,China
CHN,1997,1819.07954081306,China
CHN,1998,1944.46718626424,China
CHN,1999,2076.93180259914,China
CHN,2000,2237.30047918692,China
CHN,2001,2405.99411858042,China
CHN,2002,2610.66275070444,China
CHN,2003,2856.85053293219,China
CHN,2004,3127.91444892337,China
CHN,2005,3465.72767067642,China
CHN,2006,3883.27464370816,China
CHN,2007,4409.69709445986,China
CHN,2008,4811.34486346262,China
CHN,2009,5237.78809982377,China
CHN,2010,5764.65012366375,China
CHN,2011,6275.71634288814,China
CHN,2012,6723.09003744607,China
CHN,2013,7197.937319496,China
CHN,2014,7686.37369520403,China
CHN,2015,8175.33285077393,China
CHN,2016,8679.22528805041,China
CHN,2017,9221.35045639842,China
CHN,2018,9798.57890566402,China
CHN,2019,10356.2924890582,China
CHN,2020,10573.3794064211,China
CHN,2021,11469.3174514512,China
CHN,2022,11830.298767861,China
CHN,2023,12483.9791101249,China
CHN,2024,13119.1076099516,China
JPN,1970,14318.6588003477,Japan
JPN,1971,14666.1228715572,Japan
JPN,1972,15678.891945691,Japan
JPN,1973,16701.6297669361,Japan
JPN,1974,16279.1053900856,Japan
JPN,1975,16570.1490384468,Japan
JPN,1976,17045.1784418847,Japan
JPN,1977,17622.1033093596,Japan
JPN,1978,18383.0750924035,Japan
JPN,1979,19227.734800588,Japan
JPN,1980,19614.2922299856,Japan
JPN,1981,20291.567958628,Japan
JPN,1982,20818.8044337152,Japan
JPN,1983,21402.8665366541,Japan
JPN,1984,22221.8862508533,Japan
JPN,1985,23238.9252243658,Japan
JPN,1986,23884.4841642864,Japan
JPN,1987,24894.0912634322,Japan
JPN,1988,26472.7749041278,Japan
JPN,1989,27648.0847646202,Japan
JPN,1990,28904.7658863073,Japan
JPN,1991,29775.391651584,Japan
JPN,1992,29916.6529957081,Japan
JPN,1993,29665.3871017287,Japan
JPN,1994,29876.454752764,Japan
JPN,1995,30504.5332529005,Japan
JPN,1996,31371.432405964,Japan
JPN,1997,31723.3382538425,Japan
JPN,1998,31076.4386626557,Japan
JPN,1999,30911.9243180534,Japan
JPN,2000,31779.3788459032,Japan
JPN,2001,31793.1269485489,Japan
JPN,2002,31746.2430105713,Japan
JPN,2003,32115.5810785373,Japan
JPN,2004,32783.1292835489,Japan
JPN,2005,33385.9179590327,Japan
JPN,2006,33880.6890093456,Japan
JPN,2007,34426.6937124867,Japan
JPN,2008,34008.5915147362,Japan
JPN,2009,31993.8588053706,Japan
JPN,2010,33311.2872381879,Japan
JPN,2011,33306.1802259719,Japan
JPN,2012,33909.4911855243,Japan
JPN,2013,34636.6924746166,Japan
JPN,2014,34996.8796756631,Japan
JPN,2015,35664.6446110613,Japan
JPN,2016,35934.4467886662,Japan
JPN,2017,36547.7357437305,Japan
JPN,2018,36899.3847079435,Japan
JPN,2019,36837.2583653113,Japan
JPN,2020,35363.2996951789,Japan
JPN,2021,36792.556429474,Japan
JPN,2022,37448.3504824849,Japan
JPN,2023,37902.5492204411,Japan
JPN,2024,37976.6371788298,Japan
KOR,1970,2001.04656436772,South Korea
KOR,1971,2170.9646968132,South Korea
KOR,1972,2286.93666830827,South Korea
KOR,1973,2583.31158461691,South Korea
KOR,1974,2784.47241806545,South Korea
KOR,1975,2955.1963902217,South Korea
KOR,1976,3294.13497099216,South Korea
KOR,1977,3644.59385270464,South Korea
KOR,1978,3986.99777854343,South Korea
KOR,1979,4270.07298916474,South Korea
KOR,1980,4139.9606854608,South Korea
KOR,1981,4377.64026742067,South Korea
KOR,1982,4675.53053701243,South Korea
KOR,1983,5227.53893142287,South Korea
KOR,1984,5712.63984757483,South Korea
KOR,1985,6105.74268983951,South Korea
KOR,1986,6740.69941617276,South Korea
KOR,1987,7535.12660432782,South Korea
KOR,1988,8367.04656522944,South Korea
KOR,1989,8878.29655251462,South Korea
KOR,1990,9672.57845182894,South Korea
KOR,1991,10618.8431439122,South Korea
KOR,1992,11176.560685871,South Korea
KOR,1993,11837.4692053797,South Korea
KOR,1994,12817.2447824958,South Korea
KOR,1995,13924.3044000347,South Korea
KOR,1996,14894.3278834104,South Korea
KOR,1997,15682.2717905189,South Korea
KOR,1998,14800.5091573641,South Korea
KOR,1999,16402.9168341094,South Korea
KOR,2000,17763.1353417297,South Korea
KOR,2001,18460.4288193829,South Korea
KOR,2002,19775.3800655139,South Korea
KOR,2003,20278.0406421178,South Korea
KOR,2004,21244.8136800528,South Korea
KOR,2005,22123.7613066851,South Korea
KOR,2006,23162.1860111297,South Korea
KOR,2007,24391.7651013448,South Korea
KOR,2008,24934.5396367691,South Korea
KOR,2009,25009.9148311999,South Korea
KOR,2010,26623.0487122927,South Korea
KOR,2011,27393.455357272,South Korea
KOR,2012,27944.0564190045,South Korea
KOR,2013,28732.711152033,South Korea
KOR,2014,29470.6732991655,South Korea
KOR,2015,30171.7906545222,South Korea
KOR,2016,31005.4072876388,South Korea
KOR,2017,31979.9027302467,South Korea
KOR,2018,32852.8887488942,South Korea
KOR,2019,33496.3113815643,South Korea
KOR,2020,33215.9298928108,South Korea
KOR,2021,34792.9397214598,South Korea
KOR,2022,35809.0138105144,South Korea
KOR,2023,36347.7036392553,South Korea
KOR,2024,37048.4264001496,South Korea
USA,1970,25231.1271587521,United States
USA,1971,25734.4828317751,United States
USA,1972,26798.5336106847,United States
USA,1973,28042.5519181903,United States
USA,1974,27637.2997756103,United States
USA,1975,27309.8688183059,United States
USA,1976,28509.1430593189,United States
USA,1977,29528.9663682275,United States
USA,1978,30834.9992322862,United States
USA,1979,31462.1003882108,United States
USA,1980,31081.6216322106,United States
USA,1981,31559.1293376105,United States
USA,1982,30696.0834382608,United States
USA,1983,31810.9216076638,United States
USA,1984,33818.823551545,United States
USA,1985,34918.1302039172,United States
USA,1986,35794.8877746784,United States
USA,1987,36701.9453874612,United States
USA,1988,37889.3773459827,United States
USA,1989,38911.5418959959,United States
USA,1990,39200.0658091762,United States
USA,1991,38637.8398179104,United States
USA,1992,39447.9472850606,United States
USA,1993,40002.4762253198,United States
USA,1994,41106.9881833481,United States
USA,1995,41710.8207256668,United States
USA,1996,42783.8165724095,United States
USA,1997,44151.6860410035,United States
USA,1998,45596.4306879224,United States
USA,1999,47234.2455290381,United States
USA,2000,48616.2546282435,United States
USA,2001,48597.4246124122,United States
USA,2002,48967.3661217576,United States
USA,2003,49905.5233080788,United States
USA,2004,51348.3473386025,United States
USA,2005,52649.5713060461,United States
USA,2006,53596.315236412,United States
USA,2007,54152.8292673551,United States
USA,2008,53703.962897927,United States
USA,2009,51863.6183416558,United States
USA,2010,52812.6829869279,United States
USA,2011,53215.5362314388,United States
USA,2012,54000.8410778217,United States
USA,2013,54728.860179812,United States
USA,2014,55665.2411187802,United States
USA,2015,56849.4697923159,United States
USA,2016,57430.8499298804,United States
USA,2017,58435.9707535619,United States
USA,2018,59817.6556798612,United States
USA,2019,61047.9648238812,United States
USA,2020,59533.609024416,United States
USA,2021,63096.7856149746,United States
USA,2022,64322.2332819139,United States
USA,2023,65667.281580468,United States
USA,2024,66856.5131698371,United States
