year,value,inflation,series,category
1989,123.966666666667,NA,CPIAUCNS,All items
1990,130.658333333333,5.3979564399032,CPIAUCNS,All items
1991,136.191666666667,4.23496396453855,CPIAUCNS,All items
1992,140.316666666667,3.02881967814967,CPIAUCNS,All items
1993,144.458333333333,2.95165696638557,CPIAUCNS,All items
1994,148.225,2.60744159215458,CPIAUCNS,All items
1995,152.383333333333,2.80541968853658,CPIAUCNS,All items
1996,156.85,2.93120419993438,CPIAUCNS,All items
1997,160.516666666667,2.33768993730741,CPIAUCNS,All items
1998,163.008333333333,1.55227909874365,CPIAUCNS,All items
1999,166.575,2.18802719697357,CPIAUCNS,All items
2000,172.2,3.37685727149932,CPIAUCNS,All items
2001,177.066666666667,2.82617111885406,CPIAUCNS,All items
2002,179.875,1.58603162650603,CPIAUCNS,All items
2003,183.958333333333,2.27009497336113,CPIAUCNS,All items
2004,188.883333333333,2.67723669309172,CPIAUCNS,All items
2005,195.291666666667,3.39274684549546,CPIAUCNS,All items
2006,201.591666666667,3.22594410070407,CPIAUCNS,All items
2007,207.342416666667,2.85267248150138,CPIAUCNS,All items
2008,215.3025,3.839100296651,CPIAUCNS,All items
2009,214.537,-0.355546266299744,CPIAUCNS,All items
2010,218.0555,1.64004344238988,CPIAUCNS,All items
2011,224.939166666667,3.15684156862206,CPIAUCNS,All items
2012,229.593916666667,2.06933726526062,CPIAUCNS,All items
2013,232.957083333333,1.46483265562714,CPIAUCNS,All items
2014,236.736166666667,1.62222297740822,CPIAUCNS,All items
2015,237.017,0.11862713555244,CPIAUCNS,All items
2016,240.007166666667,1.26158320570537,CPIAUCNS,All items
2017,245.119583333333,2.13011000365961,CPIAUCNS,All items
2018,251.106833333333,2.44258329692819,CPIAUCNS,All items
2019,255.657416666667,1.81221007526013,CPIAUCNS,All items
2020,258.811166666667,1.23358439630639,CPIAUCNS,All items
2021,270.96975,4.69785886363738,CPIAUCNS,All items
2022,292.654916666667,8.00279982052119,CPIAUCNS,All items
2023,304.701583333333,4.1163383837449,CPIAUCNS,All items
2024,313.688833333333,2.94952520485208,CPIAUCNS,All items
1989,149.25,NA,CPIMEDNS,Medical care
1990,162.8,9.07872696817422,CPIMEDNS,Medical care
1991,177.016666666667,8.73259623259621,CPIMEDNS,Medical care
1992,190.066666666667,7.37218717634875,CPIMEDNS,Medical care
1993,201.408333333333,5.96720448965276,CPIMEDNS,Medical care
1994,211.016666666667,4.77057387562581,CPIMEDNS,Medical care
1995,220.466666666667,4.47831924808468,CPIMEDNS,Medical care
1996,228.225,3.51905049894163,CPIMEDNS,Medical care
1997,234.583333333333,2.78599335451126,CPIMEDNS,Medical care
1998,242.133333333333,3.21847246891651,CPIMEDNS,Medical care
1999,250.583333333333,3.4898127753304,CPIMEDNS,Medical care
2000,260.75,4.05719986697706,CPIMEDNS,Medical care
2001,272.758333333333,4.60530520933204,CPIMEDNS,Medical care
2002,285.6,4.70807491369039,CPIMEDNS,Medical care
2003,297.075,4.01785714285714,CPIMEDNS,Medical care
2004,310.133333333333,4.39563522118434,CPIMEDNS,Medical care
2005,323.225,4.22130266552021,CPIMEDNS,Medical care
2006,336.183333333333,4.00907520561011,CPIMEDNS,Medical care
2007,351.053583333333,4.42325615983343,CPIMEDNS,Medical care
2008,364.064833333333,3.70634302503203,CPIMEDNS,Medical care
2009,375.61325,3.17207695149535,CPIMEDNS,Medical care
2010,388.435666666667,3.41372852705988,CPIMEDNS,Medical care
2011,400.2575,3.04344691999618,CPIMEDNS,Medical care
2012,414.923916666667,3.66424530874916,CPIMEDNS,Medical care
2013,425.1345,2.46083267876218,CPIMEDNS,Medical care
2014,435.29225,2.38930267950495,CPIMEDNS,Medical care
2015,446.752083333333,2.63267571001629,CPIMEDNS,Medical care
2016,463.674666666667,3.78791369187794,CPIMEDNS,Medical care
2017,475.321833333333,2.51192646568283,CPIMEDNS,Medical care
2018,484.707,1.9744867600233,CPIMEDNS,Medical care
2019,498.413333333333,2.82775642467168,CPIMEDNS,Medical care
2020,518.8755,4.10546133062251,CPIMEDNS,Medical care
2021,525.276416666667,1.23361320136848,CPIMEDNS,Medical care
2022,546.5535,4.05064508099464,CPIMEDNS,Medical care
2023,549.084333333333,0.463053174727324,CPIMEDNS,Medical care
2024,563.841,2.68750459097662,CPIMEDNS,Medical care
1989,125.075,NA,CPIUFDNS,Food
1990,132.366666666667,5.82983543207409,CPIUFDNS,Food
1991,136.25,2.93376983127676,CPIUFDNS,Food
1992,137.891666666667,1.20489296636084,CPIUFDNS,Food
1993,140.858333333333,2.15144739227657,CPIUFDNS,Food
1994,144.275,2.42560492220316,CPIUFDNS,Food
1995,148.416666666667,2.87067521515625,CPIUFDNS,Food
1996,153.283333333333,3.27905670971362,CPIUFDNS,Food
1997,157.275,2.60411003588128,CPIUFDNS,Food
1998,160.683333333333,2.16711704551475,CPIUFDNS,Food
1999,164.1,2.1263354423815,CPIUFDNS,Food
2000,167.816666666667,2.26487913873654,CPIUFDNS,Food
2001,173.083333333333,3.1383454166253,CPIUFDNS,Food
2002,176.216666666667,1.81030332209917,CPIUFDNS,Food
2003,179.975,2.13279107159745,CPIUFDNS,Food
2004,186.175,3.44492290595917,CPIUFDNS,Food
2005,190.725,2.4439371559017,CPIUFDNS,Food
2006,195.175,2.333202254555,CPIUFDNS,Food
2007,202.915916666667,3.96614149694718,CPIUFDNS,Food
2008,214.106416666667,5.51484584542612,CPIUFDNS,Food
2009,217.955083333333,1.79754849321425,CPIUFDNS,Food
2010,219.625083333333,0.766212916193343,CPIUFDNS,Food
2011,227.8415,3.74111032399533,CPIUFDNS,Food
2012,233.777333333333,2.60524677608485,CPIUFDNS,Food
2013,237.036916666667,1.39431111085762,CPIUFDNS,Food
2014,242.7245,2.39945043722094,CPIUFDNS,Food
2015,247.234833333333,1.85821098955126,CPIUFDNS,Food
2016,247.93125,0.281682260253246,CPIUFDNS,Food
2017,250.064916666667,0.860588032636733,CPIUFDNS,Food
2018,253.558166666667,1.39693726195764,CPIUFDNS,Food
2019,258.316166666667,1.87649250763633,CPIUFDNS,Food
2020,267.219333333333,3.44661612997508,CPIUFDNS,Food
2021,277.755583333333,3.94292204406368,CPIUFDNS,Food
2022,305.387666666667,9.94834487275533,CPIUFDNS,Food
2023,322.964833333333,5.75568976262957,CPIUFDNS,Food
2024,330.262583333333,2.25961134055359,CPIUFDNS,Food
1989,123.008333333333,NA,CPIHOSNS,Housing
1990,128.533333333333,4.4915656120859,CPIHOSNS,Housing
1991,133.608333333333,3.94839211618256,CPIHOSNS,Housing
1992,137.508333333333,2.9189796045656,CPIHOSNS,Housing
1993,141.216666666667,2.69680625416642,CPIHOSNS,Housing
1994,144.775,2.51976867697392,CPIHOSNS,Housing
1995,148.45,2.53842168882747,CPIHOSNS,Housing
1996,152.783333333333,2.91905243067252,CPIHOSNS,Housing
1997,156.775,2.61263226791753,CPIHOSNS,Housing
1998,160.358333333333,2.28565353744752,CPIHOSNS,Housing
1999,163.883333333333,2.19820194356388,CPIHOSNS,Housing
2000,169.55,3.45774433031629,CPIHOSNS,Housing
2001,176.358333333333,4.01553130836527,CPIHOSNS,Housing
2002,180.266666666667,2.21613192836552,CPIHOSNS,Housing
2003,184.783333333333,2.50554733727812,CPIHOSNS,Housing
2004,189.533333333333,2.57057815459547,CPIHOSNS,Housing
2005,195.725,3.26679563841012,CPIHOSNS,Housing
2006,203.158333333333,3.79784561672414,CPIHOSNS,Housing
2007,209.586166666667,3.16395258214037,CPIHOSNS,Housing
2008,216.263666666667,3.18604042728647,CPIHOSNS,Housing
2009,217.056916666667,0.366797628203841,CPIHOSNS,Housing
2010,216.256,-0.368989239765449,CPIHOSNS,Housing
2011,219.101583333333,1.31584017707409,CPIHOSNS,Housing
2012,222.71525,1.64931106918063,CPIHOSNS,Housing
2013,227.351166666667,2.08154433370265,CPIHOSNS,Housing
2014,233.215333333333,2.57934311604588,CPIHOSNS,Housing
2015,238.060333333333,2.07747918232937,CPIHOSNS,Housing
2016,243.9725,2.48347407729972,CPIHOSNS,Housing
2017,251.229,2.97431062927176,CPIHOSNS,Housing
2018,258.478166666667,2.88548163892968,CPIHOSNS,Housing
2019,265.9515,2.89128224240733,CPIHOSNS,Housing
2020,271.772916666667,2.18890161050667,CPIHOSNS,Housing
2021,280.720083333333,3.29214800959747,CPIHOSNS,Housing
2022,300.80325,7.15416098064472,CPIHOSNS,Housing
2023,320.171666666667,6.43889873751919,CPIHOSNS,Housing
2024,334.157416666667,4.36820351582223,CPIHOSNS,Housing
